physpreset,p7_cinder_block
xanim,ai_zombie_base_ad_attack_v1
xanim,ai_zombie_base_ad_attack_v2
xanim,ai_zombie_base_ad_attack_v3
xanim,ai_zombie_base_ad_attack_v4
xanim,ai_zombie_base_au_attack_v1
xanim,ai_zombie_base_au_attack_v2
xanim,ai_zombie_base_au_attack_v3
xanim,ai_zombie_base_au_attack_v4
xanim,ai_zombie_base_boardtear_aligned_l_1_grab
xanim,ai_zombie_base_boardtear_aligned_l_1_hold
xanim,ai_zombie_base_boardtear_aligned_l_1_pull
xanim,ai_zombie_base_boardtear_aligned_l_2_grab
xanim,ai_zombie_base_boardtear_aligned_l_2_hold
xanim,ai_zombie_base_boardtear_aligned_l_2_pull
xanim,ai_zombie_base_boardtear_aligned_l_3_grab
xanim,ai_zombie_base_boardtear_aligned_l_3_hold
xanim,ai_zombie_base_boardtear_aligned_l_3_pull
xanim,ai_zombie_base_boardtear_aligned_l_4_grab
xanim,ai_zombie_base_boardtear_aligned_l_4_hold
xanim,ai_zombie_base_boardtear_aligned_l_4_pull
xanim,ai_zombie_base_boardtear_aligned_l_5_grab
xanim,ai_zombie_base_boardtear_aligned_l_5_hold
xanim,ai_zombie_base_boardtear_aligned_l_5_pull
xanim,ai_zombie_base_boardtear_aligned_l_6_grab
xanim,ai_zombie_base_boardtear_aligned_l_6_hold
xanim,ai_zombie_base_boardtear_aligned_l_6_pull
xanim,ai_zombie_base_boardtear_aligned_m_1_grab
xanim,ai_zombie_base_boardtear_aligned_m_1_hold
xanim,ai_zombie_base_boardtear_aligned_m_1_pull
xanim,ai_zombie_base_boardtear_aligned_m_2_grab
xanim,ai_zombie_base_boardtear_aligned_m_2_hold
xanim,ai_zombie_base_boardtear_aligned_m_2_pull
xanim,ai_zombie_base_boardtear_aligned_m_3_grab
xanim,ai_zombie_base_boardtear_aligned_m_3_hold
xanim,ai_zombie_base_boardtear_aligned_m_3_pull
xanim,ai_zombie_base_boardtear_aligned_m_4_grab
xanim,ai_zombie_base_boardtear_aligned_m_4_hold
xanim,ai_zombie_base_boardtear_aligned_m_4_pull
xanim,ai_zombie_base_boardtear_aligned_m_5_grab
xanim,ai_zombie_base_boardtear_aligned_m_5_hold
xanim,ai_zombie_base_boardtear_aligned_m_5_pull
xanim,ai_zombie_base_boardtear_aligned_m_6_grab
xanim,ai_zombie_base_boardtear_aligned_m_6_hold
xanim,ai_zombie_base_boardtear_aligned_m_6_pull
xanim,ai_zombie_base_boardtear_aligned_r_1_grab
xanim,ai_zombie_base_boardtear_aligned_r_1_hold
xanim,ai_zombie_base_boardtear_aligned_r_1_pull
xanim,ai_zombie_base_boardtear_aligned_r_2_grab
xanim,ai_zombie_base_boardtear_aligned_r_2_hold
xanim,ai_zombie_base_boardtear_aligned_r_2_pull
xanim,ai_zombie_base_boardtear_aligned_r_3_grab
xanim,ai_zombie_base_boardtear_aligned_r_3_hold
xanim,ai_zombie_base_boardtear_aligned_r_3_pull
xanim,ai_zombie_base_boardtear_aligned_r_4_grab
xanim,ai_zombie_base_boardtear_aligned_r_4_hold
xanim,ai_zombie_base_boardtear_aligned_r_4_pull
xanim,ai_zombie_base_boardtear_aligned_r_5_grab
xanim,ai_zombie_base_boardtear_aligned_r_5_hold
xanim,ai_zombie_base_boardtear_aligned_r_5_pull
xanim,ai_zombie_base_boardtear_aligned_r_6_grab
xanim,ai_zombie_base_boardtear_aligned_r_6_hold
xanim,ai_zombie_base_boardtear_aligned_r_6_pull
xanim,ai_zombie_base_crawl_attack_v1
xanim,ai_zombie_base_crawl_attack_v2
xanim,ai_zombie_base_crawl_boardtear_aligned_l_1_grab
xanim,ai_zombie_base_crawl_boardtear_aligned_l_1_hold
xanim,ai_zombie_base_crawl_boardtear_aligned_l_1_pull
xanim,ai_zombie_base_crawl_boardtear_aligned_l_2_grab
xanim,ai_zombie_base_crawl_boardtear_aligned_l_2_hold
xanim,ai_zombie_base_crawl_boardtear_aligned_l_2_pull
xanim,ai_zombie_base_crawl_boardtear_aligned_l_3_grab
xanim,ai_zombie_base_crawl_boardtear_aligned_l_3_hold
xanim,ai_zombie_base_crawl_boardtear_aligned_l_3_pull
xanim,ai_zombie_base_crawl_boardtear_aligned_l_4_grab
xanim,ai_zombie_base_crawl_boardtear_aligned_l_4_hold
xanim,ai_zombie_base_crawl_boardtear_aligned_l_4_pull
xanim,ai_zombie_base_crawl_boardtear_aligned_l_5_grab
xanim,ai_zombie_base_crawl_boardtear_aligned_l_5_hold
xanim,ai_zombie_base_crawl_boardtear_aligned_l_5_pull
xanim,ai_zombie_base_crawl_boardtear_aligned_l_6_grab
xanim,ai_zombie_base_crawl_boardtear_aligned_l_6_hold
xanim,ai_zombie_base_crawl_boardtear_aligned_l_6_pull
xanim,ai_zombie_base_crawl_boardtear_aligned_m_1_grab
xanim,ai_zombie_base_crawl_boardtear_aligned_m_1_hold
xanim,ai_zombie_base_crawl_boardtear_aligned_m_1_pull
xanim,ai_zombie_base_crawl_boardtear_aligned_m_2_grab
xanim,ai_zombie_base_crawl_boardtear_aligned_m_2_hold
xanim,ai_zombie_base_crawl_boardtear_aligned_m_2_pull
xanim,ai_zombie_base_crawl_boardtear_aligned_m_3_grab
xanim,ai_zombie_base_crawl_boardtear_aligned_m_3_hold
xanim,ai_zombie_base_crawl_boardtear_aligned_m_3_pull
xanim,ai_zombie_base_crawl_boardtear_aligned_m_4_grab
xanim,ai_zombie_base_crawl_boardtear_aligned_m_4_hold
xanim,ai_zombie_base_crawl_boardtear_aligned_m_4_pull
xanim,ai_zombie_base_crawl_boardtear_aligned_m_5_grab
xanim,ai_zombie_base_crawl_boardtear_aligned_m_5_hold
xanim,ai_zombie_base_crawl_boardtear_aligned_m_5_pull
xanim,ai_zombie_base_crawl_boardtear_aligned_m_6_grab
xanim,ai_zombie_base_crawl_boardtear_aligned_m_6_hold
xanim,ai_zombie_base_crawl_boardtear_aligned_m_6_pull
xanim,ai_zombie_base_crawl_boardtear_aligned_r_1_grab
xanim,ai_zombie_base_crawl_boardtear_aligned_r_1_hold
xanim,ai_zombie_base_crawl_boardtear_aligned_r_1_pull
xanim,ai_zombie_base_crawl_boardtear_aligned_r_2_grab
xanim,ai_zombie_base_crawl_boardtear_aligned_r_2_hold
xanim,ai_zombie_base_crawl_boardtear_aligned_r_2_pull
xanim,ai_zombie_base_crawl_boardtear_aligned_r_3_grab
xanim,ai_zombie_base_crawl_boardtear_aligned_r_3_hold
xanim,ai_zombie_base_crawl_boardtear_aligned_r_3_pull
xanim,ai_zombie_base_crawl_boardtear_aligned_r_4_grab
xanim,ai_zombie_base_crawl_boardtear_aligned_r_4_hold
xanim,ai_zombie_base_crawl_boardtear_aligned_r_4_pull
xanim,ai_zombie_base_crawl_boardtear_aligned_r_5_grab
xanim,ai_zombie_base_crawl_boardtear_aligned_r_5_hold
xanim,ai_zombie_base_crawl_boardtear_aligned_r_5_pull
xanim,ai_zombie_base_crawl_boardtear_aligned_r_6_grab
xanim,ai_zombie_base_crawl_boardtear_aligned_r_6_hold
xanim,ai_zombie_base_crawl_boardtear_aligned_r_6_pull
xanim,ai_zombie_base_crawl_death_v1
xanim,ai_zombie_base_crawl_death_v2
xanim,ai_zombie_base_crawl_dth_tesla_a
xanim,ai_zombie_base_crawl_dth_tesla_b
xanim,ai_zombie_base_crawl_idle_v1
xanim,ai_zombie_base_crawl_run_win_trav_l_v1
xanim,ai_zombie_base_crawl_run_win_trav_r_v1
xanim,ai_zombie_base_crawl_sprint_v1
xanim,ai_zombie_base_crawl_sprint_v2
xanim,ai_zombie_base_crawl_sprint_v3
xanim,ai_zombie_base_crawl_sprint_win_trav_l_v1
xanim,ai_zombie_base_crawl_sprint_win_trav_r_v1
xanim,ai_zombie_base_crawl_v1
xanim,ai_zombie_base_crawl_v2
xanim,ai_zombie_base_crawl_v3
xanim,ai_zombie_base_crawl_v4
xanim,ai_zombie_base_crawl_v5
xanim,ai_zombie_base_crawl_win_trav_l_v1
xanim,ai_zombie_base_crawl_win_trav_m_v1
xanim,ai_zombie_base_crawl_win_trav_m_v2
xanim,ai_zombie_base_crawl_win_trav_r_v1
xanim,ai_zombie_base_death_v1
xanim,ai_zombie_base_death_v2
xanim,ai_zombie_base_death_v3
xanim,ai_zombie_base_dth_tesla_a
xanim,ai_zombie_base_dth_tesla_b
xanim,ai_zombie_base_dth_tesla_c
xanim,ai_zombie_base_dth_tesla_d
xanim,ai_zombie_base_fast_sprint_01
xanim,ai_zombie_base_fast_sprint_01_pain_chest_f
xanim,ai_zombie_base_fast_sprint_01_pain_chest_f_alt
xanim,ai_zombie_base_fast_sprint_02
xanim,ai_zombie_base_fast_sprint_02_pain_chest_f
xanim,ai_zombie_base_fast_sprint_02_pain_chest_f_alt
xanim,ai_zombie_base_fwd_ad_attack_v1
xanim,ai_zombie_base_fwd_ad_attack_v2
xanim,ai_zombie_base_idle_ad_v1
xanim,ai_zombie_base_idle_au_v1
xanim,ai_zombie_base_run_ad_attack_v1
xanim,ai_zombie_base_run_ad_attack_v2
xanim,ai_zombie_base_run_ad_attack_v3
xanim,ai_zombie_base_run_ad_attack_v4
xanim,ai_zombie_base_run_ad_sidestep_left_long_a
xanim,ai_zombie_base_run_ad_sidestep_left_long_b
xanim,ai_zombie_base_run_ad_sidestep_left_short_a
xanim,ai_zombie_base_run_ad_sidestep_right_long
xanim,ai_zombie_base_run_ad_sidestep_right_long_a
xanim,ai_zombie_base_run_ad_sidestep_right_short
xanim,ai_zombie_base_run_ad_v1
xanim,ai_zombie_base_run_ad_v11
xanim,ai_zombie_base_run_ad_v11_pain_chest_f
xanim,ai_zombie_base_run_ad_v11_pain_chest_f_alt
xanim,ai_zombie_base_run_ad_v12
xanim,ai_zombie_base_run_ad_v12_pain_chest_f
xanim,ai_zombie_base_run_ad_v12_pain_chest_f_alt
xanim,ai_zombie_base_run_ad_v14
xanim,ai_zombie_base_run_ad_v14_pain_chest_f
xanim,ai_zombie_base_run_ad_v14_pain_chest_f_alt
xanim,ai_zombie_base_run_ad_v1_pain_chest_f
xanim,ai_zombie_base_run_ad_v1_pain_chest_f_alt
xanim,ai_zombie_base_run_ad_v2
xanim,ai_zombie_base_run_ad_v20
xanim,ai_zombie_base_run_ad_v20_pain_chest_f
xanim,ai_zombie_base_run_ad_v20_pain_chest_f_alt
xanim,ai_zombie_base_run_ad_v21
xanim,ai_zombie_base_run_ad_v21_pain_chest_f
xanim,ai_zombie_base_run_ad_v21_pain_chest_f_alt
xanim,ai_zombie_base_run_ad_v22
xanim,ai_zombie_base_run_ad_v22_pain_chest_f
xanim,ai_zombie_base_run_ad_v22_pain_chest_f_alt
xanim,ai_zombie_base_run_ad_v23
xanim,ai_zombie_base_run_ad_v23_pain_chest_f
xanim,ai_zombie_base_run_ad_v23_pain_chest_f_alt
xanim,ai_zombie_base_run_ad_v24
xanim,ai_zombie_base_run_ad_v24_pain_chest_f
xanim,ai_zombie_base_run_ad_v24_pain_chest_f_alt
xanim,ai_zombie_base_run_ad_v2_pain_chest_f
xanim,ai_zombie_base_run_ad_v2_pain_chest_f_alt
xanim,ai_zombie_base_run_ad_v4
xanim,ai_zombie_base_run_ad_v4_pain_chest_f
xanim,ai_zombie_base_run_ad_v4_pain_chest_f_alt
xanim,ai_zombie_base_run_ad_v7
xanim,ai_zombie_base_run_ad_v7_pain_chest_f
xanim,ai_zombie_base_run_ad_v7_pain_chest_f_alt
xanim,ai_zombie_base_run_ad_v8
xanim,ai_zombie_base_run_ad_v8_pain_chest_f
xanim,ai_zombie_base_run_ad_v8_pain_chest_f_alt
xanim,ai_zombie_base_run_ad_win_trav_l_v1
xanim,ai_zombie_base_run_ad_win_trav_m_v1
xanim,ai_zombie_base_run_ad_win_trav_r_v1
xanim,ai_zombie_base_run_au_attack_v1
xanim,ai_zombie_base_run_au_attack_v2
xanim,ai_zombie_base_run_au_attack_v3
xanim,ai_zombie_base_run_au_attack_v4
xanim,ai_zombie_base_run_au_sidestep_left_long_a
xanim,ai_zombie_base_run_au_sidestep_left_long_b
xanim,ai_zombie_base_run_au_sidestep_left_long_c
xanim,ai_zombie_base_run_au_sidestep_left_short
xanim,ai_zombie_base_run_au_sidestep_left_short_a
xanim,ai_zombie_base_run_au_sidestep_left_short_b
xanim,ai_zombie_base_run_au_sidestep_right_long_a
xanim,ai_zombie_base_run_au_sidestep_right_long_b
xanim,ai_zombie_base_run_au_sidestep_right_long_c
xanim,ai_zombie_base_run_au_sidestep_right_short_a
xanim,ai_zombie_base_run_au_sidestep_right_short_b
xanim,ai_zombie_base_run_au_sidestep_right_short_c
xanim,ai_zombie_base_run_au_sidestep_right_short_d
xanim,ai_zombie_base_run_au_v1
xanim,ai_zombie_base_run_au_v11
xanim,ai_zombie_base_run_au_v11_pain_chest_f
xanim,ai_zombie_base_run_au_v11_pain_chest_f_alt
xanim,ai_zombie_base_run_au_v13
xanim,ai_zombie_base_run_au_v13_pain_chest_f
xanim,ai_zombie_base_run_au_v1_pain_chest_f
xanim,ai_zombie_base_run_au_v1_pain_chest_f_alt
xanim,ai_zombie_base_run_au_v2
xanim,ai_zombie_base_run_au_v20
xanim,ai_zombie_base_run_au_v20_pain_chest_f
xanim,ai_zombie_base_run_au_v20_pain_chest_f_alt
xanim,ai_zombie_base_run_au_v21
xanim,ai_zombie_base_run_au_v21_pain_chest_f
xanim,ai_zombie_base_run_au_v21_pain_chest_f_alt
xanim,ai_zombie_base_run_au_v22
xanim,ai_zombie_base_run_au_v22_pain_chest_f
xanim,ai_zombie_base_run_au_v22_pain_chest_f_alt
xanim,ai_zombie_base_run_au_v23
xanim,ai_zombie_base_run_au_v23_pain_chest_f
xanim,ai_zombie_base_run_au_v23_pain_chest_f_alt
xanim,ai_zombie_base_run_au_v24
xanim,ai_zombie_base_run_au_v24_pain_chest_f
xanim,ai_zombie_base_run_au_v24_pain_chest_f_alt
xanim,ai_zombie_base_run_au_v2_pain_chest_f
xanim,ai_zombie_base_run_au_v2_pain_chest_f_alt
xanim,ai_zombie_base_run_au_v4
xanim,ai_zombie_base_run_au_v4_pain_chest_f
xanim,ai_zombie_base_run_au_v4_pain_chest_f_alt
xanim,ai_zombie_base_run_au_v5
xanim,ai_zombie_base_run_au_v5_pain_chest_f
xanim,ai_zombie_base_run_au_v5_pain_chest_f_alt
xanim,ai_zombie_base_run_au_v9
xanim,ai_zombie_base_run_au_v9_pain_chest_f
xanim,ai_zombie_base_run_au_v9_pain_chest_f_alt
xanim,ai_zombie_base_run_au_win_trav_l_v1
xanim,ai_zombie_base_run_au_win_trav_m_v1
xanim,ai_zombie_base_run_au_win_trav_r_v1
xanim,ai_zombie_base_run_jump_down_36
xanim,ai_zombie_base_run_jump_down_48
xanim,ai_zombie_base_run_jump_down_72
xanim,ai_zombie_base_run_jump_down_96
xanim,ai_zombie_base_run_jump_up_36
xanim,ai_zombie_base_run_jump_up_48
xanim,ai_zombie_base_run_jump_up_72
xanim,ai_zombie_base_run_jump_up_96
xanim,ai_zombie_base_run_mantle_over_36
xanim,ai_zombie_base_run_mantle_over_48
xanim,ai_zombie_base_run_mantle_over_72
xanim,ai_zombie_base_run_mantle_over_96
xanim,ai_zombie_base_run_turn_135_l_v2
xanim,ai_zombie_base_run_turn_135_r_v2
xanim,ai_zombie_base_run_turn_180_l_v2
xanim,ai_zombie_base_run_turn_180_r_v2
xanim,ai_zombie_base_run_turn_45_l_v2
xanim,ai_zombie_base_run_turn_45_r_v2
xanim,ai_zombie_base_run_turn_90_l_v3
xanim,ai_zombie_base_run_turn_90_r_v2
xanim,ai_zombie_base_sprint_ad_sidestep_left_long_a
xanim,ai_zombie_base_sprint_ad_sidestep_left_long_b
xanim,ai_zombie_base_sprint_ad_sidestep_left_short_a
xanim,ai_zombie_base_sprint_ad_sidestep_right_long
xanim,ai_zombie_base_sprint_ad_sidestep_right_long_a
xanim,ai_zombie_base_sprint_ad_sidestep_right_long_b
xanim,ai_zombie_base_sprint_ad_sidestep_right_short_a
xanim,ai_zombie_base_sprint_ad_v1
xanim,ai_zombie_base_sprint_ad_v1_pain_chest_f
xanim,ai_zombie_base_sprint_ad_v1_pain_chest_f_alt
xanim,ai_zombie_base_sprint_ad_v2
xanim,ai_zombie_base_sprint_ad_v21
xanim,ai_zombie_base_sprint_ad_v21_pain_chest_f
xanim,ai_zombie_base_sprint_ad_v21_pain_chest_f_alt
xanim,ai_zombie_base_sprint_ad_v22
xanim,ai_zombie_base_sprint_ad_v22_pain_chest_f
xanim,ai_zombie_base_sprint_ad_v22_pain_chest_f_alt
xanim,ai_zombie_base_sprint_ad_v23
xanim,ai_zombie_base_sprint_ad_v23_pain_chest_f
xanim,ai_zombie_base_sprint_ad_v23_pain_chest_f_alt
xanim,ai_zombie_base_sprint_ad_v24
xanim,ai_zombie_base_sprint_ad_v24_pain_chest_f
xanim,ai_zombie_base_sprint_ad_v24_pain_chest_f_alt
xanim,ai_zombie_base_sprint_ad_v2_pain_chest_f
xanim,ai_zombie_base_sprint_ad_v2_pain_chest_f_alt
xanim,ai_zombie_base_sprint_ad_v5
xanim,ai_zombie_base_sprint_ad_v5_pain_chest_f
xanim,ai_zombie_base_sprint_ad_v5_pain_chest_f_alt
xanim,ai_zombie_base_sprint_ad_win_trav_l_v1
xanim,ai_zombie_base_sprint_ad_win_trav_m_v1
xanim,ai_zombie_base_sprint_ad_win_trav_m_v2
xanim,ai_zombie_base_sprint_ad_win_trav_r_v1
xanim,ai_zombie_base_sprint_au_sidestep_left_long_a
xanim,ai_zombie_base_sprint_au_sidestep_left_long_b
xanim,ai_zombie_base_sprint_au_sidestep_left_short_a
xanim,ai_zombie_base_sprint_au_sidestep_left_short_b
xanim,ai_zombie_base_sprint_au_sidestep_right_long_a
xanim,ai_zombie_base_sprint_au_sidestep_right_long_b
xanim,ai_zombie_base_sprint_au_sidestep_right_short_a
xanim,ai_zombie_base_sprint_au_sidestep_right_short_b
xanim,ai_zombie_base_sprint_au_v1
xanim,ai_zombie_base_sprint_au_v1_pain_chest_f
xanim,ai_zombie_base_sprint_au_v1_pain_chest_f_alt
xanim,ai_zombie_base_sprint_au_v2
xanim,ai_zombie_base_sprint_au_v20
xanim,ai_zombie_base_sprint_au_v20_pain_chest_f
xanim,ai_zombie_base_sprint_au_v20_pain_chest_f_alt
xanim,ai_zombie_base_sprint_au_v21
xanim,ai_zombie_base_sprint_au_v21_pain_chest_f
xanim,ai_zombie_base_sprint_au_v21_pain_chest_f_alt
xanim,ai_zombie_base_sprint_au_v22
xanim,ai_zombie_base_sprint_au_v22_pain_chest_f
xanim,ai_zombie_base_sprint_au_v22_pain_chest_f_alt
xanim,ai_zombie_base_sprint_au_v25
xanim,ai_zombie_base_sprint_au_v25_pain_chest_f
xanim,ai_zombie_base_sprint_au_v25_pain_chest_f_alt
xanim,ai_zombie_base_sprint_au_v2_pain_chest_f
xanim,ai_zombie_base_sprint_au_v2_pain_chest_f_alt
xanim,ai_zombie_base_sprint_au_win_trav_l_v1
xanim,ai_zombie_base_sprint_au_win_trav_m_v1
xanim,ai_zombie_base_sprint_au_win_trav_m_v2
xanim,ai_zombie_base_sprint_au_win_trav_r_v1
xanim,ai_zombie_base_sprint_turn_135_l_v2
xanim,ai_zombie_base_sprint_turn_135_r_v2
xanim,ai_zombie_base_sprint_turn_180_l_v2
xanim,ai_zombie_base_sprint_turn_180_r_v3
xanim,ai_zombie_base_sprint_turn_45_l_v2
xanim,ai_zombie_base_sprint_turn_45_r_v2
xanim,ai_zombie_base_sprint_turn_90_l_v2
xanim,ai_zombie_base_sprint_turn_90_r_v2
xanim,ai_zombie_base_supersprint_ad_v1
xanim,ai_zombie_base_supersprint_ad_v2
xanim,ai_zombie_base_supersprint_au_v1
xanim,ai_zombie_base_supersprint_au_v2
xanim,ai_zombie_base_walk_ad_attack_v1
xanim,ai_zombie_base_walk_ad_attack_v2
xanim,ai_zombie_base_walk_ad_attack_v3
xanim,ai_zombie_base_walk_ad_attack_v4
xanim,ai_zombie_base_walk_ad_sidestep_left_long_b
xanim,ai_zombie_base_walk_ad_sidestep_left_short
xanim,ai_zombie_base_walk_ad_sidestep_left_short_b
xanim,ai_zombie_base_walk_ad_sidestep_right_a
xanim,ai_zombie_base_walk_ad_sidestep_right_long_a
xanim,ai_zombie_base_walk_ad_sidestep_right_long_b
xanim,ai_zombie_base_walk_ad_sidestep_right_short
xanim,ai_zombie_base_walk_ad_sidestep_right_short_a
xanim,ai_zombie_base_walk_ad_v1
xanim,ai_zombie_base_walk_ad_v19
xanim,ai_zombie_base_walk_ad_v19_pain_chest_f
xanim,ai_zombie_base_walk_ad_v19_pain_chest_f_alt
xanim,ai_zombie_base_walk_ad_v1_pain_chest_f
xanim,ai_zombie_base_walk_ad_v1_pain_chest_f_alt
xanim,ai_zombie_base_walk_ad_v2
xanim,ai_zombie_base_walk_ad_v20
xanim,ai_zombie_base_walk_ad_v20_pain_chest_f
xanim,ai_zombie_base_walk_ad_v20_pain_chest_f_alt
xanim,ai_zombie_base_walk_ad_v21
xanim,ai_zombie_base_walk_ad_v21_pain_chest_f
xanim,ai_zombie_base_walk_ad_v21_pain_chest_f_alt
xanim,ai_zombie_base_walk_ad_v22
xanim,ai_zombie_base_walk_ad_v22_pain_chest_f
xanim,ai_zombie_base_walk_ad_v22_pain_chest_f_alt
xanim,ai_zombie_base_walk_ad_v23
xanim,ai_zombie_base_walk_ad_v23_pain_chest_f
xanim,ai_zombie_base_walk_ad_v23_pain_chest_f_alt
xanim,ai_zombie_base_walk_ad_v24
xanim,ai_zombie_base_walk_ad_v24_pain_chest_f
xanim,ai_zombie_base_walk_ad_v24_pain_chest_f_alt
xanim,ai_zombie_base_walk_ad_v25
xanim,ai_zombie_base_walk_ad_v25_pain_chest_f
xanim,ai_zombie_base_walk_ad_v25_pain_chest_f_alt
xanim,ai_zombie_base_walk_ad_v2_pain_chest_f
xanim,ai_zombie_base_walk_ad_v2_pain_chest_f_alt
xanim,ai_zombie_base_walk_ad_v3
xanim,ai_zombie_base_walk_ad_v3_pain_chest_f
xanim,ai_zombie_base_walk_ad_v3_pain_chest_f_alt
xanim,ai_zombie_base_walk_ad_v4
xanim,ai_zombie_base_walk_ad_v4_pain_chest_f
xanim,ai_zombie_base_walk_ad_v4_pain_chest_f_alt
xanim,ai_zombie_base_walk_ad_v5
xanim,ai_zombie_base_walk_ad_v5_pain_chest_f
xanim,ai_zombie_base_walk_ad_v5_pain_chest_f_alt
xanim,ai_zombie_base_walk_ad_v6
xanim,ai_zombie_base_walk_ad_v6_pain_chest_f
xanim,ai_zombie_base_walk_ad_v6_pain_chest_f_alt
xanim,ai_zombie_base_walk_ad_v7
xanim,ai_zombie_base_walk_ad_v7_pain_chest_f
xanim,ai_zombie_base_walk_ad_v7_pain_chest_f_alt
xanim,ai_zombie_base_walk_ad_win_trav_l_v1
xanim,ai_zombie_base_walk_ad_win_trav_m_v1
xanim,ai_zombie_base_walk_ad_win_trav_m_v2
xanim,ai_zombie_base_walk_ad_win_trav_m_v3
xanim,ai_zombie_base_walk_ad_win_trav_r_v1
xanim,ai_zombie_base_walk_au_attack_v1
xanim,ai_zombie_base_walk_au_attack_v2
xanim,ai_zombie_base_walk_au_attack_v3
xanim,ai_zombie_base_walk_au_attack_v4
xanim,ai_zombie_base_walk_au_pain_head_v1
xanim,ai_zombie_base_walk_au_pain_legs_v1
xanim,ai_zombie_base_walk_au_pain_torso_v1
xanim,ai_zombie_base_walk_au_sidestep_left_long
xanim,ai_zombie_base_walk_au_sidestep_left_long_d
xanim,ai_zombie_base_walk_au_sidestep_left_short
xanim,ai_zombie_base_walk_au_sidestep_right_b
xanim,ai_zombie_base_walk_au_sidestep_right_short
xanim,ai_zombie_base_walk_au_v1
xanim,ai_zombie_base_walk_au_v10
xanim,ai_zombie_base_walk_au_v10_pain_chest_f
xanim,ai_zombie_base_walk_au_v10_pain_chest_f_alt
xanim,ai_zombie_base_walk_au_v11
xanim,ai_zombie_base_walk_au_v11_pain_chest_f
xanim,ai_zombie_base_walk_au_v11_pain_chest_f_alt
xanim,ai_zombie_base_walk_au_v12
xanim,ai_zombie_base_walk_au_v12_pain_chest_f
xanim,ai_zombie_base_walk_au_v12_pain_chest_f_alt
xanim,ai_zombie_base_walk_au_v13
xanim,ai_zombie_base_walk_au_v13_pain_chest_f
xanim,ai_zombie_base_walk_au_v13_pain_chest_f_alt
xanim,ai_zombie_base_walk_au_v15
xanim,ai_zombie_base_walk_au_v15_pain_chest_f
xanim,ai_zombie_base_walk_au_v15_pain_chest_f_alt
xanim,ai_zombie_base_walk_au_v1_pain_chest_f
xanim,ai_zombie_base_walk_au_v1_pain_chest_f_alt
xanim,ai_zombie_base_walk_au_v2
xanim,ai_zombie_base_walk_au_v20
xanim,ai_zombie_base_walk_au_v20_pain_chest_f
xanim,ai_zombie_base_walk_au_v20_pain_chest_f_alt
xanim,ai_zombie_base_walk_au_v21
xanim,ai_zombie_base_walk_au_v21_pain_chest_f
xanim,ai_zombie_base_walk_au_v21_pain_chest_f_alt
xanim,ai_zombie_base_walk_au_v23
xanim,ai_zombie_base_walk_au_v23_pain_chest_f
xanim,ai_zombie_base_walk_au_v23_pain_chest_f_alt
xanim,ai_zombie_base_walk_au_v2_pain_chest_f
xanim,ai_zombie_base_walk_au_v2_pain_chest_f_alt
xanim,ai_zombie_base_walk_au_v3
xanim,ai_zombie_base_walk_au_v3_pain_chest_f
xanim,ai_zombie_base_walk_au_v3_pain_chest_f_alt
xanim,ai_zombie_base_walk_au_v4
xanim,ai_zombie_base_walk_au_v4_pain_chest_f
xanim,ai_zombie_base_walk_au_v4_pain_chest_f_alt
xanim,ai_zombie_base_walk_au_v5
xanim,ai_zombie_base_walk_au_v5_pain_chest_f
xanim,ai_zombie_base_walk_au_v5_pain_chest_f_alt
xanim,ai_zombie_base_walk_au_v6
xanim,ai_zombie_base_walk_au_v6_pain_chest_f
xanim,ai_zombie_base_walk_au_v6_pain_chest_f_alt
xanim,ai_zombie_base_walk_au_v7
xanim,ai_zombie_base_walk_au_v7_pain_chest_f
xanim,ai_zombie_base_walk_au_v7_pain_chest_f_alt
xanim,ai_zombie_base_walk_au_v8
xanim,ai_zombie_base_walk_au_v8_pain_chest_f
xanim,ai_zombie_base_walk_au_v8_pain_chest_f_alt
xanim,ai_zombie_base_walk_au_win_trav_l_v1
xanim,ai_zombie_base_walk_au_win_trav_m_v1
xanim,ai_zombie_base_walk_au_win_trav_m_v2
xanim,ai_zombie_base_walk_au_win_trav_m_v3
xanim,ai_zombie_base_walk_au_win_trav_r_v1
xanim,ai_zombie_base_walk_turn_135_l_v3
xanim,ai_zombie_base_walk_turn_135_r_v2
xanim,ai_zombie_base_walk_turn_180_l_v3
xanim,ai_zombie_base_walk_turn_180_r_v3
xanim,ai_zombie_base_walk_turn_45_l_v2
xanim,ai_zombie_base_walk_turn_45_r_v2
xanim,ai_zombie_base_walk_turn_90_l_v2
xanim,ai_zombie_base_walk_turn_90_r_v2
xanim,ai_zombie_base_win_attack_arm_l_out
xanim,ai_zombie_base_win_attack_arm_r_out
xanim,ai_zombie_crawl_dr_jump_down_72
xanim,ai_zombie_crawl_dr_jump_down_96
xanim,ai_zombie_dr_crawl_jump_down_127
xanim,ai_zombie_dr_crawl_jump_down_184
xanim,ai_zombie_dr_crawl_jump_down_190
xanim,ai_zombie_dr_crawl_jump_up_2_climb
xanim,ai_zombie_dr_jump_down_127
xanim,ai_zombie_dr_jump_down_184
xanim,ai_zombie_dr_jump_down_190
xanim,ai_zombie_dr_jump_down_72
xanim,ai_zombie_dr_jump_down_96
xanim,ai_zombie_dr_jump_up_2_climb
xanim,ai_zombie_zod_crawl_stunned_electrobolt_a
xanim,ai_zombie_zod_crawl_stunned_electrobolt_b
xanim,ai_zombie_zod_crawl_stunned_electrobolt_c
xanim,ai_zombie_zod_crawl_stunned_electrobolt_d
xanim,ai_zombie_zod_crawl_stunned_electrobolt_e
xanim,ai_zombie_zod_stunned_electrobolt_a
xanim,ai_zombie_zod_stunned_electrobolt_b
xanim,ai_zombie_zod_stunned_electrobolt_c
xanim,ai_zombie_zod_stunned_electrobolt_d
xanim,ai_zombie_zod_stunned_electrobolt_e
xanim,bo3_ai_zombie_taunts_4
xanim,o_zombie_base_packapunch_flag_down
xanim,o_zombie_base_packapunch_flag_up
xanim,o_zombie_base_packapunch_poweron
xanim,o_zombie_base_packapunch_working_eject_gun
xanim,o_zombie_base_packapunch_working_loop
xanim,o_zombie_base_packapunch_working_take_gun
xanim,o_zombie_base_packapunch_worldguns_ejected
xanim,o_zombie_base_packapunch_worldguns_taken
xanim,o_zombie_magic_box_arrive
xanim,o_zombie_magic_box_close
xanim,o_zombie_magic_box_fake_idle_twitch_a
xanim,o_zombie_magic_box_fake_idle_twitch_b
xanim,o_zombie_magic_box_leave
xanim,o_zombie_magic_box_open
xanim,o_zombie_magic_box_teddy_rise
xanim,o_zombie_magic_box_weapon_dual_rise
xanim,o_zombie_magic_box_weapon_rise
xanim,rtrg_ai_zm_dlc1_zombie_run_lowg_v1
xanim,rtrg_ai_zm_dlc1_zombie_run_lowg_v2
xanim,rtrg_ai_zm_dlc1_zombie_run_lowg_v3
xanim,rtrg_ai_zm_dlc1_zombie_run_lowg_v4
xanim,rtrg_ai_zm_dlc1_zombie_sprint_lowg_v1
xanim,rtrg_ai_zm_dlc1_zombie_sprint_lowg_v2
xanim,rtrg_ai_zm_dlc1_zombie_sprint_lowg_v3
xanim,rtrg_ai_zm_dlc1_zombie_sprint_lowg_v4
xanim,rtrg_ai_zm_dlc1_zombie_walk_lowg_v1
xanim,rtrg_ai_zm_dlc1_zombie_walk_lowg_v2
xanim,rtrg_ai_zm_dlc1_zombie_walk_lowg_v3
xanim,rtrg_ai_zm_dlc1_zombie_walk_lowg_v4
xmodel,c_zom_der_zombie_body1_g_behead
xmodel,c_zom_der_zombie_body1_g_blegsoff
xmodel,c_zom_der_zombie_body1_g_llegoff
xmodel,c_zom_der_zombie_body1_g_lowclean
xmodel,c_zom_der_zombie_body1_g_rlegoff
xmodel,c_zom_der_zombie_body2
xmodel,c_zom_der_zombie_body2_g_behead
xmodel,c_zom_der_zombie_body2_g_blegsoff
xmodel,c_zom_der_zombie_body2_g_larmoff
xmodel,c_zom_der_zombie_body2_g_llegoff
xmodel,c_zom_der_zombie_body2_g_lowclean
xmodel,c_zom_der_zombie_body2_g_rarmoff
xmodel,c_zom_der_zombie_body2_g_rlegoff
xmodel,c_zom_der_zombie_body2_g_upclean
xmodel,c_zom_der_zombie_head1
xmodel,c_zom_der_zombie_head2
xmodel,c_zom_der_zombie_head3
xmodel,c_zom_der_zombie_helmet1
xmodel,c_zom_zod_zombie_fem_body1_g_larmspawn
xmodel,c_zom_zod_zombie_fem_body1_g_llegspawn
xmodel,c_zom_zod_zombie_fem_body1_g_rarmspawn
xmodel,c_zom_zod_zombie_fem_body1_g_rlegspawn
xmodel,p7_barricade_metal_gate_02_black
xmodel,p7_cinder_block
xmodel,p7_crate_wood_01
xmodel,p7_crate_wood_01_med_wet
xmodel,p7_debris_concrete_rubble_med_02
xmodel,p7_debris_concrete_rubble_med_05_no_metal_warm
xmodel,p7_debris_concrete_rubble_med_06_no_metal
xmodel,p7_debris_concrete_rubble_med_07_no_metal
xmodel,p7_debris_wood_plank_old_96
xmodel,p7_fxanim_zm_zod_drop_down_buy_gate_mod
xmodel,p7_zm_der2_vending_packapunch_sign_wait
xmodel,p7_zm_der_magic_box
xmodel,p7_zm_der_magic_box_fake
xmodel,p7_zm_der_magic_box_fake_trunk
xmodel,p7_zm_vending_packapunch
xmodel,p7_zm_vending_packapunch_on
xmodel,p7_zm_vending_packapunch_weapon
xmodel,p7_zm_zod_beast_basin_pap
xmodel,p7_zm_zod_pap_door_chunk_a
xmodel,p7_zm_zod_pap_door_chunk_d
xmodel,p7_zm_zod_skull_yellow
xmodel,p7_zm_zod_table_ritual
xmodel,p7_zm_zod_table_ritual_cloth
xmodel,p7_zm_zod_table_ritual_tablet
xmodel,p7_zm_zod_table_ritual_urn
xmodel,skybox_default_black
xmodel,skybox_default_day
xmodel,zm_nightmare_sky_mdl
xmodelmesh,c_zom_der_head_1_lod07552e3d7
xmodelmesh,c_zom_der_head_1_lod17b771400
xmodelmesh,c_zom_der_head_1_lod22a74f240
xmodelmesh,c_zom_der_head_1_lod3e650584c
xmodelmesh,c_zom_der_head_1_lod4c1179c01
xmodelmesh,c_zom_der_head_1_lod5943b21d9
xmodelmesh,c_zom_der_head_1_lod6229e2b02
xmodelmesh,c_zom_der_head_2_lod0c8b48a35
xmodelmesh,c_zom_der_head_2_lod1177e7cdd
xmodelmesh,c_zom_der_head_2_lod2900ea178
xmodelmesh,c_zom_der_head_2_lod367983df6
xmodelmesh,c_zom_der_head_2_lod410b5a201
xmodelmesh,c_zom_der_head_2_lod51fd00a8a
xmodelmesh,c_zom_der_head_2_lod66291cdde
xmodelmesh,c_zom_der_head_3_lod054897ad0
xmodelmesh,c_zom_der_head_3_lod14fa358f7
xmodelmesh,c_zom_der_head_3_lod22700a248
xmodelmesh,c_zom_der_head_3_lod3a9afee46
xmodelmesh,c_zom_der_head_3_lod4e605e8d0
xmodelmesh,c_zom_der_head_3_lod53d40255c
xmodelmesh,c_zom_der_head_3_lod6b8e32972
xmodelmesh,c_zom_der_helmet_1_lod0c32b1d6c
xmodelmesh,c_zom_der_helmet_1_lod1cc9d111
xmodelmesh,c_zom_der_helmet_1_lod275993693
xmodelmesh,c_zom_der_helmet_1_lod3cd13d004
xmodelmesh,c_zom_der_helmet_1_lod440e19ebe
xmodelmesh,c_zom_der_helmet_1_lod55a672d53
xmodelmesh,c_zom_der_helmet_1_lod6b584e3ce
xmodelmesh,c_zom_der_zombie_body1_g_behead_lod0d7f0846c
xmodelmesh,c_zom_der_zombie_body1_g_behead_lod173bede7d
xmodelmesh,c_zom_der_zombie_body1_g_behead_lod2e0f4e454
xmodelmesh,c_zom_der_zombie_body1_g_behead_lod373e83067
xmodelmesh,c_zom_der_zombie_body1_g_behead_lod4e68ab97e
xmodelmesh,c_zom_der_zombie_body1_g_behead_lod586d08846
xmodelmesh,c_zom_der_zombie_body1_g_behead_lod6cfec6cba
xmodelmesh,c_zom_der_zombie_body1_g_blegsoff_lod028e897ab
xmodelmesh,c_zom_der_zombie_body1_g_blegsoff_lod19524f698
xmodelmesh,c_zom_der_zombie_body1_g_blegsoff_lod26f0a12a7
xmodelmesh,c_zom_der_zombie_body1_g_blegsoff_lod3776ad7c0
xmodelmesh,c_zom_der_zombie_body1_g_blegsoff_lod4e6f7b2a0
xmodelmesh,c_zom_der_zombie_body1_g_blegsoff_lod52a8483e9
xmodelmesh,c_zom_der_zombie_body1_g_blegsoff_lod6d37207be
xmodelmesh,c_zom_der_zombie_body1_g_llegoff_lod09befef1e
xmodelmesh,c_zom_der_zombie_body1_g_llegoff_lod1692bb2a1
xmodelmesh,c_zom_der_zombie_body1_g_llegoff_lod2f7127018
xmodelmesh,c_zom_der_zombie_body1_g_llegoff_lod32993a276
xmodelmesh,c_zom_der_zombie_body1_g_llegoff_lod472b7e0e
xmodelmesh,c_zom_der_zombie_body1_g_llegoff_lod514b66699
xmodelmesh,c_zom_der_zombie_body1_g_llegoff_lod67f9aa231
xmodelmesh,c_zom_der_zombie_body1_g_lowclean_lod05d3964f8
xmodelmesh,c_zom_der_zombie_body1_g_lowclean_lod1d5459dbe
xmodelmesh,c_zom_der_zombie_body1_g_lowclean_lod2118693d3
xmodelmesh,c_zom_der_zombie_body1_g_lowclean_lod330d513fe
xmodelmesh,c_zom_der_zombie_body1_g_lowclean_lod41da35f97
xmodelmesh,c_zom_der_zombie_body1_g_lowclean_lod517213356
xmodelmesh,c_zom_der_zombie_body1_g_lowclean_lod6fa3102be
xmodelmesh,c_zom_der_zombie_body1_g_rlegoff_lod0db873496
xmodelmesh,c_zom_der_zombie_body1_g_rlegoff_lod1c39344cc
xmodelmesh,c_zom_der_zombie_body1_g_rlegoff_lod27cd40052
xmodelmesh,c_zom_der_zombie_body1_g_rlegoff_lod38bc72a63
xmodelmesh,c_zom_der_zombie_body1_g_rlegoff_lod4b95a1e19
xmodelmesh,c_zom_der_zombie_body1_g_rlegoff_lod5cb3b0646
xmodelmesh,c_zom_der_zombie_body1_g_rlegoff_lod659e69f26
xmodelmesh,c_zom_der_zombie_body2_g_behead_lod010ea455a
xmodelmesh,c_zom_der_zombie_body2_g_behead_lod1f439b647
xmodelmesh,c_zom_der_zombie_body2_g_behead_lod229208994
xmodelmesh,c_zom_der_zombie_body2_g_behead_lod35d09dd7e
xmodelmesh,c_zom_der_zombie_body2_g_behead_lod4adfd81c9
xmodelmesh,c_zom_der_zombie_body2_g_behead_lod592058fd9
xmodelmesh,c_zom_der_zombie_body2_g_behead_lod633e7b02c
xmodelmesh,c_zom_der_zombie_body2_g_blegsoff_lod01ffc0dd6
xmodelmesh,c_zom_der_zombie_body2_g_blegsoff_lod1365920cf
xmodelmesh,c_zom_der_zombie_body2_g_blegsoff_lod27f4952d3
xmodelmesh,c_zom_der_zombie_body2_g_blegsoff_lod3ddb198f9
xmodelmesh,c_zom_der_zombie_body2_g_blegsoff_lod4b5d88c29
xmodelmesh,c_zom_der_zombie_body2_g_blegsoff_lod5c35191e1
xmodelmesh,c_zom_der_zombie_body2_g_blegsoff_lod6fec7049e
xmodelmesh,c_zom_der_zombie_body2_g_larmoff_lod0d46fba30
xmodelmesh,c_zom_der_zombie_body2_g_larmoff_lod13c8d67c7
xmodelmesh,c_zom_der_zombie_body2_g_larmoff_lod21d9f1d4b
xmodelmesh,c_zom_der_zombie_body2_g_larmoff_lod3d8212ec8
xmodelmesh,c_zom_der_zombie_body2_g_larmoff_lod4ca247a33
xmodelmesh,c_zom_der_zombie_body2_g_larmoff_lod5db695c0c
xmodelmesh,c_zom_der_zombie_body2_g_larmoff_lod62ba30807
xmodelmesh,c_zom_der_zombie_body2_g_llegoff_lod081901a33
xmodelmesh,c_zom_der_zombie_body2_g_llegoff_lod16b31acae
xmodelmesh,c_zom_der_zombie_body2_g_llegoff_lod26f41bbce
xmodelmesh,c_zom_der_zombie_body2_g_llegoff_lod3b27e2b15
xmodelmesh,c_zom_der_zombie_body2_g_llegoff_lod4501501a8
xmodelmesh,c_zom_der_zombie_body2_g_llegoff_lod51fe99774
xmodelmesh,c_zom_der_zombie_body2_g_llegoff_lod6a21441c3
xmodelmesh,c_zom_der_zombie_body2_g_lowclean_lod0cd620c1c
xmodelmesh,c_zom_der_zombie_body2_g_lowclean_lod1c0634905
xmodelmesh,c_zom_der_zombie_body2_g_lowclean_lod2fda2a6ea
xmodelmesh,c_zom_der_zombie_body2_g_lowclean_lod364af3fa9
xmodelmesh,c_zom_der_zombie_body2_g_lowclean_lod42f32ddfb
xmodelmesh,c_zom_der_zombie_body2_g_lowclean_lod5bcac4582
xmodelmesh,c_zom_der_zombie_body2_g_lowclean_lod69154bfa3
xmodelmesh,c_zom_der_zombie_body2_g_rarmoff_lod0ae687fe5
xmodelmesh,c_zom_der_zombie_body2_g_rarmoff_lod1f024c510
xmodelmesh,c_zom_der_zombie_body2_g_rarmoff_lod2dcbb4d50
xmodelmesh,c_zom_der_zombie_body2_g_rarmoff_lod36702fcec
xmodelmesh,c_zom_der_zombie_body2_g_rarmoff_lod4e6aed839
xmodelmesh,c_zom_der_zombie_body2_g_rarmoff_lod5c9791d5a
xmodelmesh,c_zom_der_zombie_body2_g_rarmoff_lod69af9f1c9
xmodelmesh,c_zom_der_zombie_body2_g_rlegoff_lod0ff39e779
xmodelmesh,c_zom_der_zombie_body2_g_rlegoff_lod19214c0d0
xmodelmesh,c_zom_der_zombie_body2_g_rlegoff_lod27b186e2f
xmodelmesh,c_zom_der_zombie_body2_g_rlegoff_lod3e6d99ea9
xmodelmesh,c_zom_der_zombie_body2_g_rlegoff_lod4f6abfafb
xmodelmesh,c_zom_der_zombie_body2_g_rlegoff_lod52ab33a06
xmodelmesh,c_zom_der_zombie_body2_g_rlegoff_lod6760fa259
xmodelmesh,c_zom_der_zombie_body2_g_upclean_lod0481334f6
xmodelmesh,c_zom_der_zombie_body2_g_upclean_lod14f4dd164
xmodelmesh,c_zom_der_zombie_body2_g_upclean_lod293d3d0c6
xmodelmesh,c_zom_der_zombie_body2_g_upclean_lod326a53a22
xmodelmesh,c_zom_der_zombie_body2_g_upclean_lod4e3ae1925
xmodelmesh,c_zom_der_zombie_body2_g_upclean_lod529f358be
xmodelmesh,c_zom_der_zombie_body2_g_upclean_lod62fc55a40
xmodelmesh,c_zom_der_zombie_body2_lod0649fdd92
xmodelmesh,c_zom_der_zombie_body2_lod149373e60
xmodelmesh,c_zom_der_zombie_body2_lod2d087cf51
xmodelmesh,c_zom_der_zombie_body2_lod351680dd2
xmodelmesh,c_zom_der_zombie_body2_lod42f45ba3f
xmodelmesh,c_zom_der_zombie_body2_lod57a787b77
xmodelmesh,c_zom_der_zombie_body2_lod69430e7c6
xmodelmesh,c_zom_zod_zombie_fem_body1_g_larmspawn_lod0504c0b52
xmodelmesh,c_zom_zod_zombie_fem_body1_g_larmspawn_lod0539c617e
xmodelmesh,c_zom_zod_zombie_fem_body1_g_larmspawn_lod0567f2c88
xmodelmesh,c_zom_zod_zombie_fem_body1_g_larmspawn_lod06611811f
xmodelmesh,c_zom_zod_zombie_fem_body1_g_larmspawn_lod071ee3647
xmodelmesh,c_zom_zod_zombie_fem_body1_g_larmspawn_lod0b5e99667
xmodelmesh,c_zom_zod_zombie_fem_body1_g_larmspawn_lod0e0592c13
xmodelmesh,c_zom_zod_zombie_fem_body1_g_larmspawn_lod0f35667dd
xmodelmesh,c_zom_zod_zombie_fem_body1_g_llegspawn_lod02a259e13
xmodelmesh,c_zom_zod_zombie_fem_body1_g_llegspawn_lod034c88b59
xmodelmesh,c_zom_zod_zombie_fem_body1_g_llegspawn_lod041c78fa2
xmodelmesh,c_zom_zod_zombie_fem_body1_g_llegspawn_lod044d1d262
xmodelmesh,c_zom_zod_zombie_fem_body1_g_llegspawn_lod056fb478
xmodelmesh,c_zom_zod_zombie_fem_body1_g_llegspawn_lod0cb3aa1bd
xmodelmesh,c_zom_zod_zombie_fem_body1_g_llegspawn_lod0d8f17acf
xmodelmesh,c_zom_zod_zombie_fem_body1_g_llegspawn_lod0ed640c28
xmodelmesh,c_zom_zod_zombie_fem_body1_g_rarmspawn_lod015c23f93
xmodelmesh,c_zom_zod_zombie_fem_body1_g_rarmspawn_lod02f5eed13
xmodelmesh,c_zom_zod_zombie_fem_body1_g_rarmspawn_lod05223ef7a
xmodelmesh,c_zom_zod_zombie_fem_body1_g_rarmspawn_lod075527b40
xmodelmesh,c_zom_zod_zombie_fem_body1_g_rarmspawn_lod08155b704
xmodelmesh,c_zom_zod_zombie_fem_body1_g_rarmspawn_lod08fd8a2fc
xmodelmesh,c_zom_zod_zombie_fem_body1_g_rarmspawn_lod0be021e3f
xmodelmesh,c_zom_zod_zombie_fem_body1_g_rarmspawn_lod0cc3184d5
xmodelmesh,c_zom_zod_zombie_fem_body1_g_rlegspawn_lod01414fc82
xmodelmesh,c_zom_zod_zombie_fem_body1_g_rlegspawn_lod019d1b9e0
xmodelmesh,c_zom_zod_zombie_fem_body1_g_rlegspawn_lod03da2116b
xmodelmesh,c_zom_zod_zombie_fem_body1_g_rlegspawn_lod053f29eef
xmodelmesh,c_zom_zod_zombie_fem_body1_g_rlegspawn_lod0c5acd6f
xmodelmesh,c_zom_zod_zombie_fem_body1_g_rlegspawn_lod0c7aec304
xmodelmesh,c_zom_zod_zombie_fem_body1_g_rlegspawn_lod0d0f95c7e
xmodelmesh,c_zom_zod_zombie_fem_body1_g_rlegspawn_lod0e81c06d8
xmodelmesh,p7_barricade_metal_gate_02_col21fa1bd0
xmodelmesh,p7_barricade_metal_gate_02_lod043ae8013
xmodelmesh,p7_barricade_metal_gate_02_lod047e1843e
xmodelmesh,p7_barricade_metal_gate_02_lod060259a7a
xmodelmesh,p7_barricade_metal_gate_02_lod099d85255
xmodelmesh,p7_barricade_metal_gate_02_lod0b5ffb840
xmodelmesh,p7_barricade_metal_gate_02_lod0fd438bcd
xmodelmesh,p7_cinder_block_lod0b4418509
xmodelmesh,p7_cinder_block_lod1b38eb3c5
xmodelmesh,p7_cinder_block_lod24d9945c2
xmodelmesh,p7_cinder_block_lod26133b898
xmodelmesh,p7_cinder_block_lod27dc31bbd
xmodelmesh,p7_cinder_block_lod2c5f233b5
xmodelmesh,p7_crate_wood_01_colada0c9d4
xmodelmesh,p7_crate_wood_01_lod041ba3a92
xmodelmesh,p7_crate_wood_01_lod1de67d559
xmodelmesh,p7_crate_wood_01_lod219d048eb
xmodelmesh,p7_crate_wood_01_lod29791f391
xmodelmesh,p7_crate_wood_01_lod29a1133d8
xmodelmesh,p7_debris_concrete_rubble_med_02_lod019c75efb
xmodelmesh,p7_debris_concrete_rubble_med_02_lod022f15d9f
xmodelmesh,p7_debris_concrete_rubble_med_02_lod04c2cafe6
xmodelmesh,p7_debris_concrete_rubble_med_02_lod05e95e8b0
xmodelmesh,p7_debris_concrete_rubble_med_02_lod0ad9eb495
xmodelmesh,p7_debris_concrete_rubble_med_02_lod0c99108d
xmodelmesh,p7_debris_concrete_rubble_med_02_lod0f1381308
xmodelmesh,p7_debris_concrete_rubble_med_02_lod0f5255bd2
xmodelmesh,p7_debris_concrete_rubble_med_02_no_metal_col115c7f87
xmodelmesh,p7_debris_concrete_rubble_med_05_no_metal_col49d83bc1
xmodelmesh,p7_debris_concrete_rubble_med_05_no_metal_lod01d510181
xmodelmesh,p7_debris_concrete_rubble_med_05_no_metal_lod020a39d74
xmodelmesh,p7_debris_concrete_rubble_med_05_no_metal_lod02421683e
xmodelmesh,p7_debris_concrete_rubble_med_05_no_metal_lod03484ef17
xmodelmesh,p7_debris_concrete_rubble_med_05_no_metal_lod03612aa99
xmodelmesh,p7_debris_concrete_rubble_med_05_no_metal_lod07cd25155
xmodelmesh,p7_debris_concrete_rubble_med_05_no_metal_lod0b38c69d3
xmodelmesh,p7_debris_concrete_rubble_med_05_no_metal_lod0bc0f3d0f
xmodelmesh,p7_debris_concrete_rubble_med_06_no_metal_colef00155b
xmodelmesh,p7_debris_concrete_rubble_med_07_no_metal_colf5c1735b
xmodelmesh,p7_debris_concrete_rubble_med_07_no_metal_lod0206bba55
xmodelmesh,p7_debris_concrete_rubble_med_07_no_metal_lod05c455e6a
xmodelmesh,p7_debris_concrete_rubble_med_07_no_metal_lod06d3c34d9
xmodelmesh,p7_debris_concrete_rubble_med_07_no_metal_lod0a8dce917
xmodelmesh,p7_debris_concrete_rubble_med_07_no_metal_lod0bfdc6ce3
xmodelmesh,p7_debris_concrete_rubble_med_07_no_metal_lod0c68fe7a5
xmodelmesh,p7_debris_concrete_rubble_med_07_no_metal_lod0d5505a2a
xmodelmesh,p7_debris_wood_plank_old_96_lod07c013553
xmodelmesh,p7_debris_wood_plank_old_96_lod0b5824864
xmodelmesh,p7_debris_wood_plank_old_96_lod0b9cfbf34
xmodelmesh,p7_debris_wood_plank_old_96_lod0d5d9d7a1
xmodelmesh,p7_debris_wood_plank_old_96_lod0eba59731
xmodelmesh,p7_fxanim_zm_zod_drop_down_buy_gate_colb8092cef
xmodelmesh,p7_fxanim_zm_zod_drop_down_buy_gate_lod0407e8c0d
xmodelmesh,p7_fxanim_zm_zod_drop_down_buy_gate_lod052b9056f
xmodelmesh,p7_fxanim_zm_zod_drop_down_buy_gate_lod09ee47cce
xmodelmesh,p7_fxanim_zm_zod_drop_down_buy_gate_lod0b2fae28f
xmodelmesh,p7_fxanim_zm_zod_drop_down_buy_gate_lod0c30208a2
xmodelmesh,p7_fxanim_zm_zod_drop_down_buy_gate_lod0e0958675
xmodelmesh,p7_fxanim_zm_zod_drop_down_buy_gate_lod0eb4135d8
xmodelmesh,p7_lgt_skybake_modeleb38e49
xmodelmesh,p7_zm_der2_vending_packapunch_sign_wait_lod012e8b576
xmodelmesh,p7_zm_der2_vending_packapunch_sign_wait_lod0a262e7d3
xmodelmesh,p7_zm_der2_vending_packapunch_sign_wait_lod0a704097c
xmodelmesh,p7_zm_der_magic_box_col5fdd4284
xmodelmesh,p7_zm_der_magic_box_fake_col85208d31
xmodelmesh,p7_zm_der_magic_box_fake_lod040092a18
xmodelmesh,p7_zm_der_magic_box_fake_lod05e0fc705
xmodelmesh,p7_zm_der_magic_box_fake_lod06c6b96dd
xmodelmesh,p7_zm_der_magic_box_fake_lod090d351d4
xmodelmesh,p7_zm_der_magic_box_fake_lod0a7dbe4f2
xmodelmesh,p7_zm_der_magic_box_fake_lod0b7c08597
xmodelmesh,p7_zm_der_magic_box_fake_lod0c659ad5f
xmodelmesh,p7_zm_der_magic_box_fake_lod0d37d3899
xmodelmesh,p7_zm_der_magic_box_fake_trunk_colcebf6d45
xmodelmesh,p7_zm_der_magic_box_fake_trunk_lod03cd1fa2a
xmodelmesh,p7_zm_der_magic_box_fake_trunk_lod06382ff96
xmodelmesh,p7_zm_der_magic_box_fake_trunk_lod06a9106b2
xmodelmesh,p7_zm_der_magic_box_fake_trunk_lod06b7b3f44
xmodelmesh,p7_zm_der_magic_box_fake_trunk_lod0829bd900
xmodelmesh,p7_zm_der_magic_box_fake_trunk_lod08d623c9a
xmodelmesh,p7_zm_der_magic_box_fake_trunk_lod0a953f994
xmodelmesh,p7_zm_der_magic_box_fake_trunk_lod0d243ccf1
xmodelmesh,p7_zm_der_magic_box_lod061c503b5
xmodelmesh,p7_zm_der_magic_box_lod1b2f92034
xmodelmesh,p7_zm_der_magic_box_lod2654276c9
xmodelmesh,p7_zm_der_magic_box_lod41c5f5361
xmodelmesh,p7_zm_der_magic_box_lod45878ad2c
xmodelmesh,p7_zm_der_magic_box_lod48dacef7c
xmodelmesh,p7_zm_vending_packapunch_lod0154ac890
xmodelmesh,p7_zm_vending_packapunch_lod053be907d
xmodelmesh,p7_zm_vending_packapunch_lod06728f20b
xmodelmesh,p7_zm_vending_packapunch_lod0695684a2
xmodelmesh,p7_zm_vending_packapunch_lod0a8ad376e
xmodelmesh,p7_zm_vending_packapunch_lod0c57e5236
xmodelmesh,p7_zm_vending_packapunch_lod0e27f6c62
xmodelmesh,p7_zm_vending_packapunch_lod0fe3f6618
xmodelmesh,p7_zm_vending_packapunch_weapon_lod02b8eda8
xmodelmesh,p7_zm_vending_pap_body_col75e90a9
xmodelmesh,p7_zm_zod_beast_basin_colbc5268d4
xmodelmesh,p7_zm_zod_beast_basin_lod077b604f7
xmodelmesh,p7_zm_zod_beast_basin_lod1bc58e9d0
xmodelmesh,p7_zm_zod_beast_basin_lod24242c01
xmodelmesh,p7_zm_zod_beast_basin_lod3e18ccf7a
xmodelmesh,p7_zm_zod_beast_basin_lod4eec13726
xmodelmesh,p7_zm_zod_beast_basin_lod52b2b8443
xmodelmesh,p7_zm_zod_beast_basin_lod623677450
xmodelmesh,p7_zm_zod_beast_basin_lod7eeac6dab
xmodelmesh,p7_zm_zod_pap_door_chunk_a_lod04a157dd3
xmodelmesh,p7_zm_zod_pap_door_chunk_a_lod05535d1b3
xmodelmesh,p7_zm_zod_pap_door_chunk_a_lod070a27716
xmodelmesh,p7_zm_zod_pap_door_chunk_a_lod08855b88f
xmodelmesh,p7_zm_zod_pap_door_chunk_a_lod0d8b86ef6
xmodelmesh,p7_zm_zod_pap_door_chunk_a_lod0eaffa86d
xmodelmesh,p7_zm_zod_pap_door_chunk_a_lod0eef0b057
xmodelmesh,p7_zm_zod_pap_door_chunk_d_lod012049e74
xmodelmesh,p7_zm_zod_pap_door_chunk_d_lod040621c24
xmodelmesh,p7_zm_zod_pap_door_chunk_d_lod04e128de
xmodelmesh,p7_zm_zod_pap_door_chunk_d_lod08f7db03c
xmodelmesh,p7_zm_zod_pap_door_chunk_d_lod09b19cdaf
xmodelmesh,p7_zm_zod_pap_door_chunk_d_lod0c27faa65
xmodelmesh,p7_zm_zod_pap_door_chunk_d_lod0dbce257e
xmodelmesh,p7_zm_zod_skull_lod0d63f72c6
xmodelmesh,p7_zm_zod_table_ritual_cloth_lod0e1b0003b
xmodelmesh,p7_zm_zod_table_ritual_cloth_lod11ce88dbc
xmodelmesh,p7_zm_zod_table_ritual_cloth_lod2b3058637
xmodelmesh,p7_zm_zod_table_ritual_cloth_lod31b8b827f
xmodelmesh,p7_zm_zod_table_ritual_cloth_lod4b6cb48a4
xmodelmesh,p7_zm_zod_table_ritual_cloth_lod55b5c398f
xmodelmesh,p7_zm_zod_table_ritual_cloth_lod6ee736c23
xmodelmesh,p7_zm_zod_table_ritual_cloth_lod726915de0
xmodelmesh,p7_zm_zod_table_ritual_lod0d53eb831
xmodelmesh,p7_zm_zod_table_ritual_lod11fe4beb8
xmodelmesh,p7_zm_zod_table_ritual_lod29cc6fc12
xmodelmesh,p7_zm_zod_table_ritual_lod3c7724f06
xmodelmesh,p7_zm_zod_table_ritual_lod4511955c8
xmodelmesh,p7_zm_zod_table_ritual_lod53556f142
xmodelmesh,p7_zm_zod_table_ritual_lod6f5ca6f77
xmodelmesh,p7_zm_zod_table_ritual_lod74c0f527a
xmodelmesh,p7_zm_zod_table_ritual_tablet_lod03260a76c
xmodelmesh,p7_zm_zod_table_ritual_tablet_lod1b5cedfa0
xmodelmesh,p7_zm_zod_table_ritual_tablet_lod2a5606c78
xmodelmesh,p7_zm_zod_table_ritual_tablet_lod32ee993bf
xmodelmesh,p7_zm_zod_table_ritual_tablet_lod4a1dd0f35
xmodelmesh,p7_zm_zod_table_ritual_urn_lod09cd02be8
xmodelmesh,p7_zm_zod_table_ritual_urn_lod153570740
xmodelmesh,p7_zm_zod_table_ritual_urn_lod231d9ffa7
xmodelmesh,p7_zm_zod_table_ritual_urn_lod36323281d
xmodelmesh,p7_zm_zod_table_ritual_urn_lod4cad0572f
xmodelmesh,p7_zm_zod_table_ritual_urn_lod580b206b9
xmodelmesh,t6_skyboxfb7b39d6
material,ei/gfx_gel_drops_full_lite_spec|dup
material,ei/gfx_light_ray_spread_streaks_em
material,ei/gfx_light_ray_spread_streaks_em|dup
material,ei/gfx_light_ray_superwide_em
material,ei/gfx_light_ray_superwide_em|dup
material,luts_t7_default
material,mc/bullet_collision_concrete
material,mc/bullet_collision_metalthin
material,mc/bullet_collision_rock
material,mc/bullet_collision_wood
material,mc/invisible
material,mc/mtl_c_zom_der_zombie_body1
material,mc/mtl_c_zom_der_zombie_body1_chest
material,mc/mtl_c_zom_der_zombie_body2
material,mc/mtl_c_zom_der_zombie_body2_skin
material,mc/mtl_c_zom_der_zombie_gear_g43pouch
material,mc/mtl_c_zom_der_zombie_gear_k98pouch
material,mc/mtl_c_zom_der_zombie_gear_knife
material,mc/mtl_c_zom_der_zombie_gear_mp40pouch
material,mc/mtl_c_zom_der_zombie_head1
material,mc/mtl_c_zom_der_zombie_head1u
material,mc/mtl_c_zom_der_zombie_head2
material,mc/mtl_c_zom_der_zombie_head3
material,mc/mtl_c_zom_der_zombie_helmet1
material,mc/mtl_c_zom_zod_zombie_fem_body_1_skin
material,mc/mtl_c_zom_zod_zombie_fem_boots
material,mc/mtl_p7_barricade_metal_gate_02_black
material,mc/mtl_p7_cinder_block
material,mc/mtl_p7_crate_wood_01
material,mc/mtl_p7_crate_wood_01_med_wet
material,mc/mtl_p7_debris_concrete_rubble_med_01
material,mc/mtl_p7_debris_concrete_rubble_med_03
material,mc/mtl_p7_debris_concrete_rubble_med_03_warm
material,mc/mtl_p7_rebar_01_rusty
material,mc/mtl_p7_rebar_cap_01_rusty
material,mc/mtl_p7_zm_der_magic_box_fake_leather
material,mc/mtl_p7_zm_der_magic_box_fake_metal
material,mc/mtl_p7_zm_der_magic_box_lid_wood
material,mc/mtl_p7_zm_der_magic_box_metal
material,mc/mtl_p7_zm_der_magic_box_qmark_bg
material,mc/mtl_p7_zm_der_magic_box_qmark_trim
material,mc/mtl_p7_zm_der_magic_box_wood_01
material,mc/mtl_p7_zm_der_magic_box_wood_02
material,mc/mtl_p7_zm_teddybear
material,mc/mtl_p7_zm_teddybear_eyes
material,mc/mtl_p7_zm_teddybear_fur
material,mc/mtl_p7_zm_vending_packapunch
material,mc/mtl_p7_zm_vending_packapunch_sign
material,mc/mtl_p7_zm_vending_packapunch_sign_wait
material,mc/mtl_p7_zm_vending_pap_bottom_back
material,mc/mtl_p7_zm_vending_pap_detail
material,mc/mtl_p7_zm_vending_pap_frame_left
material,mc/mtl_p7_zm_vending_pap_frame_right
material,mc/mtl_p7_zm_vending_pap_front_side
material,mc/mtl_p7_zm_vending_pap_leather
material,mc/mtl_p7_zm_vending_pap_leather_scroll
material,mc/mtl_p7_zm_vending_pap_logo
material,mc/mtl_p7_zm_vending_pap_roller
material,mc/mtl_p7_zm_vending_pap_side_inside
material,mc/mtl_p7_zm_vending_pap_top
material,mc/mtl_p7_zm_vending_pap_top_main
material,mc/mtl_p7_zm_zod_beast_basin_decal_pap
material,mc/mtl_p7_zm_zod_beast_basin_dirt
material,mc/mtl_p7_zm_zod_beast_basin_metal_pap
material,mc/mtl_p7_zm_zod_beast_basin_stone_pap
material,mc/mtl_p7_zm_zod_drop_down_buy_gate
material,mc/mtl_p7_zm_zod_skull_yellow
material,mc/mtl_p7_zm_zod_table_ritual_blend
material,mc/mtl_p7_zm_zod_table_ritual_blood_dirty
material,mc/mtl_p7_zm_zod_table_ritual_cloth_blood
material,mc/mtl_p7_zm_zod_table_ritual_cloth_cloth_bld
material,mc/mtl_p7_zm_zod_table_ritual_cloth_decal
material,mc/mtl_p7_zm_zod_table_ritual_cloth_edge
material,mc/mtl_p7_zm_zod_table_ritual_stone_dirty
material,mc/mtl_p7_zm_zod_table_ritual_tablet_bld
material,mc/mtl_p7_zm_zod_table_ritual_urn
material,mc/mtl_skybox_default_black
material,mc/mtl_skybox_default_day
material,mc/mtl_skybox_zm_nightmare
material,mc/mtl_t7_zm_zod_beast_basin_liquid
material,mc/mtl_zm_brick_pap_door
material,mc/t7_concrete_bare_dark_01
material,mc/t7_decal_blood_drips_01
material,mc/t7_decal_metal_nails
material,mc/t7_rope_nylon_02
material,mc/t7_wood_beam_worn_oak_bleached
material,mc/t7_wood_beam_worn_oak_bleached_dark_wet
material,wc/p7_vld_wood_roof_base
material,wc/shadowcaster
material,wc/t7_brick_worn_dirty_red
material,wc/t7_decal_roof_direction_arrow
material,wc/t7_dirt_fertile_dark
material,wc/t7_metal_black_rusty
material,wc/t7_stone_cobblestone_01_mossy_r02_wet
material,wc/t7_stone_marble_dark_01
material,wc/t7_water_ocean_surface_flow
material,wc/t7_water_zm_der_vats
material,wc/t7_wood_planks_rustic_drk
material,wc/t7_zm_chalk_buy_arak
material,wc/t7_zm_chalk_buy_bowie
material,wc/t7_zm_chalk_buy_krm
material,wc/t7_zm_chalk_buy_kuda
material,wc/t7_zm_chalk_buy_m8a4
material,wc/t7_zm_chalk_buy_shiva
material,wc/t7_zm_chalk_buy_triton
material,wc/t7_zm_chalk_buy_vmp
techset,mc/emissive_add#e6142445
techset,mc/lit_backlit#e6142445
techset,mc/lit_emissive_scroll_3layer_transparent#e6142445
techset,mc/lit_micro_tile_blend_advanced#e6142445
techset,mc/lit_micro_tile_blend_plus#e6142445
techset,mc/lit_micro_tiled_macro_color#e6142445
techset,mc/lit_scroll_rotate#e6142445
techset,mc/lit_water_sim_flow_normal#e6142445
techset,mc/sky_hdr#e6142445
techset,mc/sky_latlong_hdr#e6142445
techset,wc/lit#882572b8
techset,wc/lit_decal_reveal#882572b8
techset,wc/lit_detail#882572b8
techset,wc/lit_emissive_scroll_transparent#882572b8
techset,wc/lit_micro_tile_blend#882572b8
techset,wc/lit_micro_tile_blend_plus#882572b8
techset,wc/shadowcaster#882572b8
image,flow_map_noise_test
image,fxt_light_ray_spread_streaks
image,fxt_light_ray_superwide
image,i_c_gen_reveal_2k_sq_r
image,i_c_zom_der_zombie_body1_ao
image,i_c_zom_der_zombie_body1_c
image,i_c_zom_der_zombie_body1_chest_ao
image,i_c_zom_der_zombie_body1_chest_c
image,i_c_zom_der_zombie_body1_chest_g
image,i_c_zom_der_zombie_body1_chest_n
image,i_c_zom_der_zombie_body1_g
image,i_c_zom_der_zombie_body1_n
image,i_c_zom_der_zombie_body2_ao
image,i_c_zom_der_zombie_body2_c
image,i_c_zom_der_zombie_body2_g
image,i_c_zom_der_zombie_body2_n
image,i_c_zom_der_zombie_body2_s
image,i_c_zom_der_zombie_body2_skin_ao
image,i_c_zom_der_zombie_body2_skin_c
image,i_c_zom_der_zombie_body2_skin_g
image,i_c_zom_der_zombie_body2_skin_n
image,i_c_zom_der_zombie_g43pouch_ao
image,i_c_zom_der_zombie_g43pouch_c
image,i_c_zom_der_zombie_g43pouch_g
image,i_c_zom_der_zombie_g43pouch_n
image,i_c_zom_der_zombie_g43pouch_s
image,i_c_zom_der_zombie_head1_ao
image,i_c_zom_der_zombie_head1_c
image,i_c_zom_der_zombie_head1_g
image,i_c_zom_der_zombie_head1_n
image,i_c_zom_der_zombie_head2_ao
image,i_c_zom_der_zombie_head2_c
image,i_c_zom_der_zombie_head2_g
image,i_c_zom_der_zombie_head2_n
image,i_c_zom_der_zombie_head3_ao
image,i_c_zom_der_zombie_head3_c
image,i_c_zom_der_zombie_head3_g
image,i_c_zom_der_zombie_head3_n
image,i_c_zom_der_zombie_helmet1_c
image,i_c_zom_der_zombie_helmet1_g
image,i_c_zom_der_zombie_helmet1_n
image,i_c_zom_der_zombie_helmet1_o
image,i_c_zom_der_zombie_k98pouch_ao
image,i_c_zom_der_zombie_k98pouch_c
image,i_c_zom_der_zombie_k98pouch_g
image,i_c_zom_der_zombie_k98pouch_n
image,i_c_zom_der_zombie_k98pouch_s
image,i_c_zom_der_zombie_knife_ao
image,i_c_zom_der_zombie_knife_c
image,i_c_zom_der_zombie_knife_g
image,i_c_zom_der_zombie_knife_n
image,i_c_zom_der_zombie_knife_s
image,i_c_zom_der_zombie_mp40pouch_ao
image,i_c_zom_der_zombie_mp40pouch_c
image,i_c_zom_der_zombie_mp40pouch_g
image,i_c_zom_der_zombie_mp40pouch_n
image,i_c_zom_der_zombie_mp40pouch_s
image,i_c_zom_zod_zombie_fem_body_1_skin_c
image,i_c_zom_zod_zombie_fem_body_1_skin_g
image,i_c_zom_zod_zombie_fem_body_1_skin_n
image,i_c_zom_zod_zombie_fem_boots_c
image,i_c_zom_zod_zombie_fem_boots_g
image,i_c_zom_zod_zombie_fem_boots_n
image,i_mlt_p7_zm_zod_skull_c
image,i_mlt_p7_zm_zod_skull_g
image,i_mlt_p7_zm_zod_skull_n
image,i_mtl_p7_barricade_metal_gate_02_black_c
image,i_mtl_p7_barricade_metal_gate_02_n
image,i_mtl_p7_cai_seismic_damper_hall_dirty_c
image,i_mtl_p7_cai_street_vendor_02_dirty_c
image,i_mtl_p7_cinder_block_c
image,i_mtl_p7_cinder_block_detail_n
image,i_mtl_p7_cinder_block_n
image,i_mtl_p7_crate_wood_01_c
image,i_mtl_p7_crate_wood_01_n
image,i_mtl_p7_debris_concrete_rubble_med_01_c
image,i_mtl_p7_debris_concrete_rubble_med_01_n
image,i_mtl_p7_debris_concrete_rubble_med_03_c
image,i_mtl_p7_debris_concrete_rubble_med_03_n
image,i_mtl_p7_debris_concrete_rubble_med_03_warm_c
image,i_mtl_p7_eth_vista_water_n
image,i_mtl_p7_rebar_01_n
image,i_mtl_p7_rebar_01_rusty_c
image,i_mtl_p7_rebar_cap_01_n
image,i_mtl_p7_rebar_cap_01_rusty_c
image,i_mtl_p7_water_zod_beast_basin_backscatter_blue_c
image,i_mtl_p7_water_zod_beast_basin_refraction_c
image,i_mtl_p7_zm_der_magic_box_fake_leather_m
image,i_mtl_p7_zm_der_magic_box_fake_leather_n
image,i_mtl_p7_zm_der_magic_box_fake_metal_m
image,i_mtl_p7_zm_der_magic_box_fake_metal_n
image,i_mtl_p7_zm_der_magic_box_fake_metal_o
image,i_mtl_p7_zm_der_magic_box_lid_wood_c
image,i_mtl_p7_zm_der_magic_box_lid_wood_n
image,i_mtl_p7_zm_der_magic_box_metal_m
image,i_mtl_p7_zm_der_magic_box_metal_n
image,i_mtl_p7_zm_der_magic_box_metal_o
image,i_mtl_p7_zm_der_magic_box_qmark_bg_c
image,i_mtl_p7_zm_der_magic_box_qmark_clds_c
image,i_mtl_p7_zm_der_magic_box_qmark_trim_c
image,i_mtl_p7_zm_der_magic_box_wood_01_c
image,i_mtl_p7_zm_der_magic_box_wood_01_n
image,i_mtl_p7_zm_der_magic_box_wood_02_c
image,i_mtl_p7_zm_der_magic_box_wood_02_n
image,i_mtl_p7_zm_vending_packapunch_g
image,i_mtl_p7_zm_vending_packapunch_moving_c
image,i_mtl_p7_zm_vending_packapunch_moving_g
image,i_mtl_p7_zm_vending_packapunch_moving_n
image,i_mtl_p7_zm_vending_packapunch_moving_o
image,i_mtl_p7_zm_vending_packapunch_moving_s
image,i_mtl_p7_zm_vending_packapunch_moving_t
image,i_mtl_p7_zm_vending_packapunch_n
image,i_mtl_p7_zm_vending_packapunch_o
image,i_mtl_p7_zm_vending_packapunch_s
image,i_mtl_p7_zm_vending_packapunch_sign_wait_c
image,i_mtl_p7_zm_vending_packapunch_sign_wait_g
image,i_mtl_p7_zm_vending_packapunch_sign_wait_s
image,i_mtl_p7_zm_vending_pap_bottom_back_c
image,i_mtl_p7_zm_vending_pap_bottom_back_g
image,i_mtl_p7_zm_vending_pap_bottom_back_n
image,i_mtl_p7_zm_vending_pap_bottom_back_o
image,i_mtl_p7_zm_vending_pap_bottom_back_s
image,i_mtl_p7_zm_vending_pap_frame_left_c
image,i_mtl_p7_zm_vending_pap_frame_left_g
image,i_mtl_p7_zm_vending_pap_frame_left_n
image,i_mtl_p7_zm_vending_pap_frame_left_o
image,i_mtl_p7_zm_vending_pap_frame_left_s
image,i_mtl_p7_zm_vending_pap_frame_right_c
image,i_mtl_p7_zm_vending_pap_frame_right_g
image,i_mtl_p7_zm_vending_pap_frame_right_n
image,i_mtl_p7_zm_vending_pap_frame_right_o
image,i_mtl_p7_zm_vending_pap_frame_right_s
image,i_mtl_p7_zm_vending_pap_front_side_c
image,i_mtl_p7_zm_vending_pap_front_side_g
image,i_mtl_p7_zm_vending_pap_front_side_n
image,i_mtl_p7_zm_vending_pap_front_side_o
image,i_mtl_p7_zm_vending_pap_front_side_s
image,i_mtl_p7_zm_vending_pap_leather_c
image,i_mtl_p7_zm_vending_pap_leather_n
image,i_mtl_p7_zm_vending_pap_side_inside_c
image,i_mtl_p7_zm_vending_pap_side_inside_g
image,i_mtl_p7_zm_vending_pap_side_inside_n
image,i_mtl_p7_zm_vending_pap_side_inside_o
image,i_mtl_p7_zm_vending_pap_side_inside_s
image,i_mtl_p7_zm_vending_pap_top_c
image,i_mtl_p7_zm_vending_pap_top_g
image,i_mtl_p7_zm_vending_pap_top_main_c
image,i_mtl_p7_zm_vending_pap_top_main_g
image,i_mtl_p7_zm_vending_pap_top_main_n
image,i_mtl_p7_zm_vending_pap_top_main_o
image,i_mtl_p7_zm_vending_pap_top_main_s
image,i_mtl_p7_zm_vending_pap_top_n
image,i_mtl_p7_zm_vending_pap_top_o
image,i_mtl_p7_zm_vending_pap_top_s
image,i_mtl_p7_zm_zod_beast_basin_m
image,i_mtl_p7_zm_zod_beast_basin_n
image,i_mtl_p7_zm_zod_beast_basin_o
image,i_mtl_p7_zm_zod_drop_down_buy_gate_c
image,i_mtl_p7_zm_zod_drop_down_buy_gate_n
image,i_mtl_p7_zm_zod_table_ritual_blood_c
image,i_mtl_p7_zm_zod_table_ritual_blood_n
image,i_mtl_p7_zm_zod_table_ritual_cloth_blood_c
image,i_mtl_p7_zm_zod_table_ritual_cloth_blood_g
image,i_mtl_p7_zm_zod_table_ritual_cloth_blood_n
image,i_mtl_p7_zm_zod_table_ritual_cloth_decal_c
image,i_mtl_p7_zm_zod_table_ritual_cloth_decal_n
image,i_mtl_p7_zm_zod_table_ritual_cloth_edge_c
image,i_mtl_p7_zm_zod_table_ritual_cloth_edge_n
image,i_mtl_p7_zm_zod_table_ritual_cloth_m
image,i_mtl_p7_zm_zod_table_ritual_cloth_n
image,i_mtl_p7_zm_zod_table_ritual_m
image,i_mtl_p7_zm_zod_table_ritual_n
image,i_mtl_p7_zm_zod_table_ritual_stone_01_c
image,i_mtl_p7_zm_zod_table_ritual_stone_01_n
image,i_mtl_p7_zm_zod_table_ritual_stone_02_c
image,i_mtl_p7_zm_zod_table_ritual_stone_02_n
image,i_mtl_p7_zm_zod_table_ritual_tablet_m
image,i_mtl_p7_zm_zod_table_ritual_tablet_n
image,i_mtl_p7_zm_zod_table_ritual_tablet_rock_01_c
image,i_mtl_p7_zm_zod_table_ritual_tablet_rock_01_n
image,i_mtl_p7_zm_zod_table_ritual_tablet_rock_c
image,i_mtl_p7_zm_zod_table_ritual_urn_c
image,i_mtl_p7_zm_zod_table_ritual_urn_n
image,i_p7_vld_wood_roof_base_c
image,i_p7_vld_wood_roof_base_n
image,i_p7_zm_teddybear_c
image,i_p7_zm_teddybear_n
image,i_t7_brick_worn_dirty_red_c
image,i_t7_brick_worn_dirty_red_n
image,i_t7_brick_worn_red_heavy_grout_c
image,i_t7_brick_worn_red_heavy_grout_n
image,i_t7_cloth_leather_white_c
image,i_t7_concrete_bare_dark_01_c
image,i_t7_concrete_bare_dark_01_g
image,i_t7_concrete_bare_dark_01_n
image,i_t7_decal_blood_drips_01_c
image,i_t7_decal_blood_drips_01_n
image,i_t7_decal_grunge_water_droplets_blend_n
image,i_t7_decal_metal_nails_c
image,i_t7_decal_metal_nails_n
image,i_t7_decal_roof_direction_arrow_r
image,i_t7_decal_roof_direction_paint_c
image,i_t7_detail_acrylic_01_n
image,i_t7_detail_concrete_01
image,i_t7_detail_wood_02
image,i_t7_dirt_fertile_dark_c
image,i_t7_dirt_fertile_n
image,i_t7_metal_copper_oxidized_02_c
image,i_t7_metal_copper_oxidized_02_g
image,i_t7_metal_copper_oxidized_02_n
image,i_t7_metal_paint_rust_brown_c
image,i_t7_metal_paint_rust_brown_g
image,i_t7_metal_rust_01_c
image,i_t7_metal_rust_01_g
image,i_t7_metal_rust_01_n
image,i_t7_metal_worn_iron_dark_c
image,i_t7_metal_worn_iron_dark_g
image,i_t7_metal_worn_iron_dark_n
image,i_t7_metal_worn_iron_dark_s
image,i_t7_micro_cloth_cotton_01_n
image,i_t7_micro_cloth_cotton_01_worn_c
image,i_t7_micro_grunge_pool_silt_01_n
image,i_t7_micro_metal_bare_01_g
image,i_t7_micro_metal_grunge_lathed_01_m
image,i_t7_micro_metal_grunge_lathed_01_n
image,i_t7_micro_metal_rust_02_c
image,i_t7_micro_stone_sandstone_01_g
image,i_t7_micro_wood_varied_teak_n
image,i_t7_mud_ground_dirt_wet_01_c
image,i_t7_mud_ground_dirt_wet_01_n
image,i_t7_rope_nylon_02_c
image,i_t7_rope_nylon_02_n
image,i_t7_stone_cobblestone_01_c
image,i_t7_stone_cobblestone_01_n
image,i_t7_stone_cobblestone_01_r02
image,i_t7_stone_marble_light_01_c
image,i_t7_stone_travertine_n
image,i_t7_water_cp_nw_vat_flow_2
image,i_t7_water_foam_r
image,i_t7_water_mp_hunted_flow_c
image,i_t7_water_ocean_surface_f
image,i_t7_water_ocean_surface_n
image,i_t7_water_variant_opacity_100_c
image,i_t7_wood_beam_worn_oak_bleached_c
image,i_t7_wood_beam_worn_oak_n
image,i_t7_wood_planks_rustic_c
image,i_t7_wood_planks_rustic_n
image,i_t7_zm_chalk_buy_arak_c
image,i_t7_zm_chalk_buy_bowie_c
image,i_t7_zm_chalk_buy_krm_c
image,i_t7_zm_chalk_buy_kuda_c
image,i_t7_zm_chalk_buy_m8a4_c
image,i_t7_zm_chalk_buy_shiva_c
image,i_t7_zm_chalk_buy_triton_c
image,i_t7_zm_chalk_buy_vmp_c
image,img_foam
image,img_luts_curve_blend
image,img_refraction_zfeather_small_ramp
image,shadow
image,skybox_default_black
image,skybox_default_day_ft
image,t7_cp_hud_tacmode_type_amws
image,zm_nightmare_BC3_SRGB_combo
image,zm_nightmare_BC4_combo
image,zm_nightmare_BC7_SRGB_combo
image,zm_nightmare_BC7_combo
image,zm_nightmare_sky_img
sound,zm_nightmare
col_map,maps/zm/zm_nightmare.d3dbsp
com_map,maps/zm/zm_nightmare.d3dbsp
game_map,maps/zm/zm_nightmare.d3dbsp
map_ents,maps/zm/zm_nightmare.d3dbsp
gfx_map,maps/zm/zm_nightmare.d3dbsp
weapon,zombie_ai_defaultmelee_zm
fx,blood/fx_blood_gib_arm_sever_burst
fx,blood/fx_blood_gib_leg_sever_burst
fx,blood/fx_blood_impact_exp_body_lg_zmb
fx,blood/fx_blood_sword_trail_emitter_zod_zmb
fx,blood/fx_blood_trail_zmb
fx,zombie/fx_packapunch_zmb
fx,zombie/fx_ritual_barrier_defend_door_wide_zod_zmb
stringtable,gamedata/weapons/zm/zm_nightmare_weapons.csv
scriptparsetree,scripts/zm/_zm_altar_bonus_points.gsc
scriptparsetree,scripts/zm/_zm_altar_double_points.gsc
scriptparsetree,scripts/zm/_zm_altar_full_ammo.gsc
scriptparsetree,scripts/zm/_zm_altar_insta_kill.gsc
scriptparsetree,scripts/zm/_zm_altar_strange_idol.gsc
scriptparsetree,scripts/zm/_zm_powerup_strange_idol.csc
scriptparsetree,scripts/zm/_zm_powerup_strange_idol.gsc
scriptparsetree,scripts/zm/zm_custom_power.gsc
scriptparsetree,scripts/zm/zm_elevator.gsc
scriptparsetree,scripts/zm/zm_nightmare.csc
scriptparsetree,scripts/zm/zm_nightmare.gsc
scriptparsetree,scripts/zm/zm_soulboxes.gsc
scriptparsetree,scripts/zm/zm_usermap.gsc
scriptparsetree,scripts/zm/zm_zombie_death.gsc
keyvaluepairs,zm_nightmare
surfacesounddef,zombfootstep_crouch_run_zomb
surfacesounddef,zombfootstep_crouch_walk_zomb
surfacesounddef,zombfootstep_ladder_hand_zomb
surfacesounddef,zombfootstep_prone_zomb
surfacesounddef,zombfootstep_run_zomb
surfacesounddef,zombfootstep_sprint_zomb
surfacesounddef,zombfootstep_walk_zomb
footsteptable,zombfootstep
zbarrier,zmcore_magicbox
zbarrier,zmcore_packapunch
scriptbundle,c_54i_grunt_fx_table
scriptbundle,c_zom_der_zombie_gib_def
scriptbundle,c_zom_der_zombie_hat_gib_def
animselectortable,zm_factory_zombie.ai_ast
animmappingtable,zm_factory_zombie.ai_am
animstatemachine,zm_zombie.ai_asm
behaviortree,zm_zombie.ai_bt
lightdescription,gfx_dlight_gen_omni_r25-72942508
texturecombo,zm_nightmare
navmesh,maps/zm/zm_nightmare_navmesh
