name,refs,radius,onePixelDist,lodCount,verts0,tris0,verts1,tris1,verts2,tris2,verts3,tris3,verts4,tris4,verts5,tris5,verts6,tris6,verts7,tris7
skybox_default_day,1,1362.16,1758087.75,1,316,448
p7_crate_wood_01_med_wet,69,77.62,100180.14,5,54,26,96,46,173,88,664,332,768,384
p7_cinder_block,25,16.28,21014.65,6,72,46,114,94,171,148,169,148,535,612,838,1176
p7_debris_wood_plank_old_96,9,83.80,108162.09,6,29,16,29,16,41,28,73,60,156,120,230,242
p7_crate_wood_01,15,77.62,100180.14,5,54,26,96,46,173,88,664,332,768,384
p7_zm_zod_table_ritual_tablet,5,9.74,12570.22,5,82,98,137,180,247,350,351,522,442,696
p7_zm_zod_skull_yellow,5,14.35,18518.53,1,305,406
p7_zm_zod_table_ritual_urn,9,24.54,31667.67,6,64,96,105,158,251,396,504,810,749,1218,990,1614
p7_zm_zod_table_ritual_cloth,5,81.20,104806.41,8,93,100,119,129,262,301,440,498,1049,1491,1814,2538,2794,4335,3687,5976
p7_zm_zod_beast_basin_pap,5,78.17,100896.16,8,133,97,252,247,434,507,875,936,1442,1911,2841,4241,4155,6550,5659,9083
p7_debris_concrete_rubble_med_06_no_metal_fx,2,41.96,54150.11,8,22,16,27,22,51,46,92,92,156,172,254,344,366,574,657,1150
p7_debris_concrete_rubble_med_06_no_metal,2,41.96,54150.11,8,22,16,27,22,51,46,92,92,156,172,254,344,366,574,657,1150
p7_debris_concrete_rubble_med_05_no_metal_warm,2,64.04,82656.87,8,23,16,42,34,79,68,148,138,260,258,401,516,569,862,992,1726
p7_debris_concrete_rubble_med_07_no_metal,2,43.15,55688.91,8,27,16,27,16,46,34,82,70,147,134,232,268,323,446,538,894
p7_debris_concrete_rubble_med_02,2,54.45,70279.24,8,38,22,60,44,112,88,210,178,367,336,694,674,951,1124,1539,2248
p7_zm_zod_pap_door_chunk_d,2,402.29,519217.28,7,27,18,56,38,109,66,199,114,424,239,789,480,1160,961
p7_zm_zod_pap_door_chunk_a,2,386.27,498549.94,7,26,18,49,39,95,68,183,117,417,244,802,488,1181,978
c_zom_zod_zombie_fem_body1_g_rarmspawn,1,10.92,14091.57,8,29,16,42,29,74,59,156,118,272,220,443,443,603,737,975,1477
p7_gib_chunk_meat_01,1,8.37,10799.08,8,28,16,28,16,28,16,28,16,34,22,59,45,84,75,125,150
p7_gib_chunk_meat_02,1,9.07,11706.89,8,24,16,24,16,24,16,24,16,24,16,40,31,64,52,92,104
p7_gib_chunk_meat_03,1,7.17,9249.88,8,27,15,27,15,27,15,27,15,34,21,58,45,87,74,122,150
p7_gib_chunk_flesh_01,1,5.90,7616.80,8,28,16,28,16,28,16,28,16,35,22,56,44,81,74,121,150
p7_gib_chunk_flesh_02,1,5.91,7622.39,8,28,16,28,16,28,16,28,16,30,20,53,41,86,68,158,137
p7_gib_chunk_flesh_03,1,4.86,6274.95,8,28,16,28,16,28,16,28,16,33,21,59,43,92,72,136,146
p7_gib_chunk_bone_01,1,5.09,6573.44,8,20,16,20,16,20,16,20,16,20,16,30,22,48,36,84,74
p7_gib_chunk_bone_02,1,3.59,4638.71,8,31,16,31,16,31,16,31,16,31,16,36,21,53,36,82,74
p7_gib_chunk_bone_03,1,4.87,6290.56,8,24,16,24,16,24,16,24,16,24,16,36,28,74,48,122,96
c_zom_zod_zombie_fem_body1_g_rlegspawn,1,15.88,20500.06,8,33,16,35,20,69,39,114,81,184,151,322,303,435,506,802,1013
c_zom_zod_zombie_fem_body1_g_larmspawn,1,10.92,14091.57,8,25,15,48,29,92,59,155,117,274,220,442,443,602,737,975,1477
c_zom_zod_zombie_fem_body1_g_llegspawn,1,15.88,20500.06,8,28,15,39,19,69,39,115,81,196,151,323,302,447,505,801,1013
c_zom_der_zombie_helmet1,1,13.37,17260.95,7,37,32,93,70,127,118,304,269,513,521,820,832,1333,1550
c_zom_der_zombie_body1,1,108.73,140333.23,7,599,393,929,733,1706,1457,2947,2850,5166,5336,8842,9951,14700,18895
c_zom_der_zombie_head1,1,37.08,47861.90,7,99,90,190,193,349,378,687,786,1249,1528,2238,2996,4163,6518
c_zom_der_zombie_head2,1,37.01,47765.27,7,88,91,167,189,306,385,524,769,1138,1520,2176,3074,4115,6674
c_zom_der_zombie_head3,1,37.89,48902.07,7,103,116,222,237,384,429,713,912,1377,1696,2672,3671,4887,7623
c_zom_der_zombie_body1_g_upclean,1,108.73,140333.23,7,445,281,710,540,1190,1005,1920,1848,3537,3607,6135,6919,10312,13421
c_zom_der_zombie_body1_g_rarmoff,1,108.73,140333.23,7,405,246,649,454,1089,861,1781,1624,3219,3113,5615,6067,9601,12136
c_zom_der_zombie_body1_g_larmoff,1,108.73,140333.23,7,387,236,640,470,1110,893,1775,1627,3280,3190,5723,6202,9752,12349
c_zom_der_zombie_body1_g_behead,1,24.09,31095.56,7,30,24,40,33,52,48,117,102,208,201,462,501,1181,1521
c_zom_der_zombie_body1_g_lowclean,1,66.00,85186.52,7,154,112,219,193,516,452,1027,1002,1629,1729,2707,3032,4388,5474
c_zom_der_zombie_body1_g_rlegoff,1,65.99,85175.44,7,137,93,167,140,349,325,759,732,1105,1212,1962,2202,3407,4372
c_zom_der_zombie_body1_g_llegoff,1,66.00,85186.05,7,156,103,196,154,455,352,830,742,1252,1251,2145,2325,3765,4693
c_zom_der_zombie_body1_g_blegsoff,1,34.92,45074.13,7,139,84,144,101,288,225,562,472,728,734,1400,1495,2805,3581
c_zom_der_zombie_body2,1,109.00,140685.31,7,575,433,918,764,1564,1424,2806,2977,5115,6004,9093,11176,14863,20389
c_zom_der_zombie_body2_g_upclean,1,109.00,140685.31,7,406,291,631,471,1131,955,2044,2027,3662,4112,6790,7923,10624,13869
c_zom_der_zombie_body2_g_rarmoff,1,108.99,140674.42,7,339,230,524,390,945,788,1758,1713,3252,3543,6270,7122,10255,13217
c_zom_der_zombie_body2_g_larmoff,1,109.01,140690.83,7,376,260,578,416,1054,846,1922,1849,3472,3761,6641,7608,10676,13910
c_zom_der_zombie_body2_g_behead,1,25.40,32783.80,7,31,24,40,33,52,48,117,102,208,201,462,501,1188,1521
c_zom_der_zombie_body2_g_lowclean,1,65.73,84835.20,7,169,142,287,293,433,469,762,950,1453,1892,2303,3253,4239,6520
c_zom_der_zombie_body2_g_rlegoff,1,65.73,84841.80,7,174,129,252,244,340,336,573,686,1032,1295,1679,2257,3341,4957
c_zom_der_zombie_body2_g_llegoff,1,65.72,84822.46,7,162,127,248,238,366,368,656,758,1150,1441,1895,2562,3894,5857
c_zom_der_zombie_body2_g_blegsoff,1,37.84,48838.22,7,167,114,213,189,273,235,467,494,729,844,1271,1566,2998,4294
p7_fxanim_zm_zod_drop_down_buy_gate_mod,1,126.87,163747.05,7,99,47,194,95,297,166,500,286,898,586,1661,1185,2558,2391
p7_zm_vending_packapunch,1,177.48,229062.03,8,221,121,440,243,750,486,1432,971,2433,1821,4392,3644,6532,6074,10362,12151
p7_zm_vending_packapunch_on,1,177.48,229062.03,8,221,121,440,243,750,486,1432,971,2433,1821,4392,3644,6532,6074,10362,12151
p7_zm_der2_vending_packapunch_sign_wait,1,41.05,52979.08,8,36,16,36,16,36,16,36,16,36,16,36,16,42,22,64,46
p7_zm_vending_packapunch_weapon,1,6.00,7743.99,1,24,12
p7_zm_zod_table_ritual,1,80.64,104077.74,8,136,98,203,158,334,286,681,628,1363,1498,2442,2805,3587,4414,4502,5732
p7_barricade_metal_gate_02_black,1,161.16,207999.00,6,126,67,208,117,336,203,686,425,1018,852,1605,1704
p7_zm_der_magic_box_fake,1,52.20,67377.25,8,115,67,220,136,427,271,770,476,1649,1021,3093,2042,5143,4084,6819,6805
p7_zm_der_magic_box_fake_trunk,1,38.20,49303.94,8,74,34,143,70,268,143,422,287,810,539,1322,1077,1960,1798,2784,3596
p7_zm_der_magic_box,1,88.98,114849.51,6,1529,1117,2159,1677,2581,2206,4189,3904,5369,5828,8361,11180
tag_origin,1,0.20,263.72,1,24,12
skybox_default_black,1,1362.16,1758087.75,1,316,448
zm_nightmare_sky_mdl,1,28587.35,36896712.00,1,439,760
